method,smooth,acc_mean,acc_sd,macro_f1_mean,macro_f1_sd,bal_acc_mean,n_subjects,p_vs_zero_shot
zero_shot,0,0.6046687429721125,0.1434223418317049,0.5500052914691147,0.13880970718704555,0.589564265822834,15,
zero_shot,10,0.6034371149529295,0.1418157407606251,0.5503438294213603,0.13839671648332094,0.590358444659289,15,
calib_only,0,0.6005889776330317,0.1500031519323775,0.5595054638357507,0.15564215454141372,0.5922968886362179,15,0.97796630859375
calib_only,10,0.6030746265721831,0.14837371111646108,0.5604352210123007,0.15518238198916698,0.5930265363408574,15,0.93408203125
calib_w20,0,0.7203697507648236,0.12561790641928347,0.6622755967629252,0.14014247231604127,0.684095474628904,15,0.0008544921875
calib_w20,10,0.718104352791653,0.12704110419895562,0.6600179225295489,0.1436126355072782,0.6821764538416393,15,0.0008544921875
calib_w50,0,0.7340736451671461,0.12092300544961637,0.6834284465045389,0.13454692433507628,0.7028405875103124,15,0.0001220703125
calib_w50,10,0.7340510107587673,0.12094618429291126,0.6841330065033548,0.135077627419841,0.7035925517601782,15,0.0001220703125
calib_w100,0,0.740992526263786,0.11974269002214723,0.6953313763646106,0.1317781189775795,0.7122989511930984,15,6.103515625e-05
calib_w100,10,0.7423657912280351,0.11914575938391037,0.6973554072325295,0.1310682496399541,0.7130419268284703,15,6.103515625e-05
calib_w200,0,0.7421453805767055,0.1311748727494505,0.6997622455994578,0.13397258117348357,0.7197759432420751,15,0.00018310546875
calib_w200,10,0.7427669313814242,0.13122345230083482,0.7005956670905396,0.13542420382620038,0.720346051550956,15,0.00018310546875
