subject,session,n_train,n_test,smooth,acc,macro_f1,bal_acc
1,1,610,241,0,0.8049792531120332,0.9083820662768032,0.8562691131498471
1,1,610,241,10,0.8049792531120332,0.9083820662768032,0.8562691131498471
1,2,558,274,0,0.7883211678832117,0.7755537672234054,0.8095953320352531
1,2,558,274,10,0.7554744525547445,0.7464664514457026,0.7690228530436565
1,3,567,255,0,0.8784313725490196,0.6876618508927355,0.6839622641509434
1,3,567,255,10,0.8784313725490196,0.6876618508927355,0.6839622641509434
2,1,610,241,0,0.9294605809128631,0.9219182708544412,0.907103825136612
2,1,610,241,10,0.9294605809128631,0.9219182708544412,0.907103825136612
2,2,558,274,0,0.843065693430657,0.7824218479240312,0.7811186974789915
2,2,558,274,10,0.843065693430657,0.7824218479240312,0.7811186974789915
2,3,567,255,0,0.8392156862745098,0.7188449848024316,0.75
2,3,567,255,10,0.8392156862745098,0.7188449848024316,0.75
3,1,610,241,0,0.4896265560165975,0.47359080114985624,0.46673685265954784
3,1,610,241,10,0.4896265560165975,0.47359080114985624,0.46673685265954784
3,2,558,274,0,0.7518248175182481,0.6979166666666667,0.7926829268292683
3,2,558,274,10,0.7664233576642335,0.7187878787878788,0.8048780487804879
3,3,567,255,0,0.7686274509803922,0.6754329737407307,0.7813155136268344
3,3,567,255,10,0.7607843137254902,0.672520336542429,0.7778432914046122
4,1,610,241,0,0.6846473029045643,0.717856918535268,0.6689226450092746
4,1,610,241,10,0.6846473029045643,0.717856918535268,0.6689226450092746
4,2,558,274,0,0.7627737226277372,0.7558064182090878,0.715839623229992
4,2,558,274,10,0.7481751824817519,0.7343939440881535,0.6941004927952094
4,3,567,255,0,0.9764705882352941,0.9413265306122449,0.9117647058823529
4,3,567,255,10,1.0,1.0,1.0
5,1,610,241,0,0.5477178423236515,0.6075529192528633,0.5382517191684725
5,1,610,241,10,0.5145228215767634,0.5661338123447753,0.4976144529482001
5,2,558,274,0,0.7773722627737226,0.6911285153526933,0.7107245337159254
5,2,558,274,10,0.7773722627737226,0.6911285153526933,0.7107245337159254
5,3,567,255,0,1.0,1.0,1.0
5,3,567,255,10,1.0,1.0,1.0
6,1,610,241,0,0.7012448132780082,0.6357339168652344,0.6281074424690217
6,1,610,241,10,0.7012448132780082,0.6357339168652344,0.6281074424690217
6,2,558,274,0,0.6642335766423357,0.5120042071052225,0.6097560975609756
6,2,558,274,10,0.6459854014598541,0.4946831562813805,0.5945121951219512
6,3,567,255,0,0.48627450980392156,0.22207602339181287,0.2412173202614379
6,3,567,255,10,0.49411764705882355,0.2646825396825397,0.27062908496732024
7,1,610,241,0,0.8049792531120332,0.8824080403027771,0.8562691131498471
7,1,610,241,10,0.8049792531120332,0.8824080403027771,0.8562691131498471
7,2,558,274,0,0.8941605839416058,0.8961610531774427,0.8840598739495799
7,2,558,274,10,0.8941605839416058,0.8961610531774427,0.8840598739495799
7,3,567,255,0,0.8196078431372549,0.6221395611639514,0.6996527777777778
7,3,567,255,10,0.8313725490196079,0.630452808981016,0.7048611111111112
8,1,610,241,0,0.7800829875518672,0.7865388986297811,0.8281000990653401
8,1,610,241,10,0.8008298755186722,0.8079122603905237,0.851574277469096
8,2,558,274,0,0.5328467153284672,0.4277777777777778,0.5
8,2,558,274,10,0.5328467153284672,0.4277777777777778,0.5
8,3,567,255,0,0.8470588235294118,0.7738990995436043,0.8160377358490566
8,3,567,255,10,0.8470588235294118,0.7738990995436043,0.8160377358490566
9,1,610,241,0,0.5518672199170125,0.5114942528735632,0.5229357798165138
9,1,610,241,10,0.5518672199170125,0.5114942528735632,0.5229357798165138
9,2,558,274,0,0.635036496350365,0.5323494989393607,0.5487804878048781
9,2,558,274,10,0.6167883211678832,0.5063228835377859,0.5335365853658537
9,3,567,255,0,0.6313725490196078,0.43848167539267013,0.5
9,3,567,255,10,0.6313725490196078,0.43848167539267013,0.5
10,1,610,241,0,0.9294605809128631,0.9460317460317461,0.907103825136612
10,1,610,241,10,0.9294605809128631,0.9460317460317461,0.907103825136612
10,2,558,274,0,0.7153284671532847,0.6588785046728972,0.6517857142857143
10,2,558,274,10,0.7153284671532847,0.6588785046728972,0.6517857142857143
10,3,567,255,0,0.9137254901960784,0.9264386928860613,0.9618055555555556
10,3,567,255,10,0.9137254901960784,0.9264386928860613,0.9618055555555556
11,1,610,241,0,0.3651452282157676,0.4483210902726846,0.38040102045067314
11,1,610,241,10,0.3651452282157676,0.4483210902726846,0.38040102045067314
11,2,558,274,0,0.551094890510949,0.5174242424242425,0.6072741596638656
11,2,558,274,10,0.5693430656934306,0.526661814653081,0.6184348739495799
11,3,567,255,0,0.39215686274509803,0.43426120840238275,0.4715998427672956
11,3,567,255,10,0.396078431372549,0.4315744856344224,0.4614124737945493
12,1,610,241,0,0.6224066390041494,0.6618736383442266,0.6158319546799018
12,1,610,241,10,0.6224066390041494,0.6560846560846562,0.6158319546799018
12,2,558,274,0,0.7518248175182481,0.5258571791812545,0.5652173913043478
12,2,558,274,10,0.7627737226277372,0.5434753211629479,0.5815217391304348
12,3,567,255,0,0.792156862745098,0.7111436950146628,0.75
12,3,567,255,10,0.792156862745098,0.7111436950146628,0.75
13,1,610,241,0,1.0,1.0,1.0
13,1,610,241,10,1.0,1.0,1.0
13,2,558,274,0,0.3248175182481752,0.38468142367069913,0.48806288819875776
13,2,558,274,10,0.31386861313868614,0.37321926948976475,0.4717585403726708
13,3,567,255,0,0.6078431372549019,0.450289021299911,0.5593665311653117
13,3,567,255,10,0.592156862745098,0.41684936379627124,0.5349762872628726
14,1,610,241,0,0.7717842323651453,0.7517402642380163,0.7614248180212776
14,1,610,241,10,0.7717842323651453,0.7517402642380163,0.7614248180212776
14,2,558,274,0,0.8467153284671532,0.6596702461354502,0.725609756097561
14,2,558,274,10,0.864963503649635,0.6759660493580399,0.7408536585365854
14,3,567,255,0,0.7254901960784313,0.6228666094584288,0.61625393081761
14,3,567,255,10,0.7254901960784313,0.6228666094584288,0.61625393081761
15,1,610,241,0,0.8340248962655602,0.802419823059073,0.8068190564149926
15,1,610,241,10,0.8547717842323651,0.8306924151377068,0.8272146540444855
15,2,558,274,0,1.0,1.0,1.0
15,2,558,274,10,1.0,1.0,1.0
15,3,567,255,0,0.6980392156862745,0.6559241709560617,0.7500655136268344
15,3,567,255,10,0.6980392156862745,0.6559241709560617,0.7500655136268344
