,delta,theta,alpha,beta,gamma
FP1,0.227213429941619,0.14010064566208585,0.46243830795181984,0.026851006052011836,0.47166475793909085
FPZ,0.3123052943059819,0.2770408489720903,0.09910614633093383,0.37027266889954613,0.7120989496283748
FP2,0.17652750687737803,0.24140922749089253,0.1972078848483662,0.2724473611884158,0.2886153289006295
AF3,0.18821832203914235,0.3449858775119009,0.2120495840094613,0.25560739600769916,0.06586650641722533
AF4,0.17088903548852719,0.3081019616965978,0.5833112102042214,0.11437349103235882,0.13383299124041462
F7,0.3749316542249081,0.12069237871716931,0.4865787553293029,0.23877034180807352,0.44511826970681395
F5,0.1788804190747122,0.035819318891503936,0.12008637899277524,0.26484584123647154,0.14053862617536717
F3,0.04851859177028298,0.23591865132357592,0.19108253140519899,0.3999988959347728,0.16355356881952945
F1,0.22623590740210706,0.3193390198985227,0.13705065830017032,0.1548607753486584,0.12503747120409328
FZ,0.32483010671524404,0.390461552407984,0.16461435641897115,0.23568469111571558,0.40763189151958723
F2,0.2889804702652644,0.18102139890263041,0.17408152726850143,0.157268132988316,0.1428938339130164
F4,0.14329135238117935,0.28670684889324816,0.24809639389654614,0.2692892291912214,0.2531298554789332
F6,0.07557775191737588,0.15458466774044743,0.2394071543847032,0.10875623678814943,0.24397694427080735
F8,0.29447963891058915,0.2967276266042639,0.38185365373174956,0.2244735947299301,0.4370679208185493
FT7,0.32608101275079054,0.33391335767229385,0.18293738149882316,0.4343756987864534,0.32924401076768983
FC5,0.16007288661871555,0.1838894773370788,0.23405825766083063,0.20870569403376366,0.21015578915947633
FC3,0.35880989327880863,0.0708023796613729,0.5492563360646029,0.2693990597003473,0.24907762559571434
FC1,0.08414744775579107,0.07844466749241531,0.27225433138335386,0.28314413655685194,0.10431237527225765
FCZ,0.14513553084717035,0.18708917331703268,0.29032017402121557,0.32626425943330595,0.28684596839279974
FC2,0.2122009069487027,0.3352820080201415,0.24028278855423307,0.2143295714663231,0.18683653858371585
FC4,0.16522488104314872,0.23200826645014877,0.12464949086148447,0.3327402226328192,0.09584390358405287
FC6,0.14367176854680858,0.11919429584520709,0.19069116051038995,0.31108268722449,0.13192953276812064
FT8,0.14181320549133516,0.31770074707212925,0.1688998554384034,0.1421020330830664,0.02189446014947289
T7,0.3159335077857956,0.12134079635927073,0.36944754088796566,0.2659330794414644,0.2571114873556402
C5,0.24319072790197785,0.09646680685966805,0.316698398333622,0.09262083846710818,0.23210487189354753
C3,0.10910610316902145,0.2469068171123449,0.05274583016566145,0.5105963109101531,0.2747489591393691
C1,0.12973491213506894,0.08634132775520438,0.2647743793553746,0.291292429577238,0.17548894468762977
CZ,0.22628950782086113,0.11530305861748097,0.2208338468148365,0.07318921479169316,0.09375338087985267
C2,0.2766766852276232,0.11637001551638433,0.42128686939345666,0.09455721714701328,0.2600573572723632
C4,0.0526472797093729,0.2250495922353041,0.39283666785283144,0.22601812402164756,0.07952094171174165
C6,0.07984501991974323,0.4322453626517615,0.1943974705954483,0.08886420087887618,0.08253629221667542
T8,0.14477026773090626,0.1941458984976152,0.27487892600498365,0.25293301981563343,0.09625979104514229
TP7,0.25473343568102563,0.20698058838695443,0.20773085020097698,0.2592233332462825,0.3321546023413598
CP5,0.35611617099690457,0.09955593500538722,0.2052694107831544,0.15422677837971013,0.1267053004088378
CP3,0.2762956190469942,0.22668833984392012,0.3093273805144632,0.14577896456546446,0.24128632457051347
CP1,0.14962941758983336,0.168560105284665,0.45236753162001636,0.14648249863115534,0.3747345947770533
CPZ,0.2990546888108898,0.1733294749850419,0.06950764719509232,0.09438092175222652,0.1060680423992566
CP2,0.17788222339156587,0.31525883124225035,0.14238773042120315,0.203950050846652,0.1020626148254208
CP4,0.12503674405211462,0.2773513277081496,0.19744851282581288,0.12252742317640902,0.1809924666644761
CP6,0.11835052187146024,0.22255871354061454,0.17748787280590322,0.17391109000486535,0.22659332681875363
TP8,0.37819067127128503,0.4089646633261094,0.5230043328674135,0.31550899512189756,0.3563618023454971
P7,0.3901382223805882,0.28336973369787083,0.2245948080922652,0.10404463260908002,0.1132617500114967
P5,0.3042861483347332,0.26906123280513655,0.31017224702160145,0.07071434882368872,0.22380781710427794
P3,0.12050678658363244,0.0875132479985502,0.19683285939979386,0.2068790459256087,0.21964115883499202
P1,0.18837868883397274,0.14685315020057405,0.22006638990138044,0.09868162137271051,0.23250045726940943
PZ,0.2512549039589954,0.19576018339800966,0.13349057311582663,0.21778286028660324,0.1287207695062717
P2,0.18414549755134235,0.3323669813170392,0.2658318924190376,0.19999306500044667,0.23133519282228535
P4,0.2697581988461202,0.11304123709632324,0.15203228941347924,0.19997640000662897,0.12299160279520478
P6,0.3220049913152244,0.22086600930708325,0.13088103290348493,0.18605167818874865,0.24158976024245404
P8,0.32415352707909945,0.3152201463105721,0.18096421144375988,0.1194130564601171,0.13948288766295994
PO7,0.1350093636117455,0.1352959688557744,0.1567805798479481,0.13377536781565075,0.18431824103861622
PO5,0.35473761844090723,0.17083766890772478,0.14915377224567125,0.14359723390995105,0.14968439283354665
PO3,0.13524906810527665,0.22932810412046334,0.163867324450401,0.14774075246603682,0.26086837798515455
POZ,0.10553170967597457,0.16370745550965018,0.33538293420934734,0.33693242293679454,0.11867647920749458
PO4,0.4328408178633126,0.2629355671690622,0.1724017811575496,0.282035145771613,0.20824763582341813
PO6,0.06762676683896547,0.13579116380218742,0.2789314708381316,0.20676175156230392,0.2645360885636822
PO8,0.248486860170946,0.2522911490484255,0.043556220310369646,0.10288237074181257,0.012013154585574547
CB1,0.39755004652243153,0.2052135811006251,0.24713613511214658,0.10201267284245433,0.33248379705634684
O1,0.19055563716290425,0.3034827759925312,0.4010932367121196,0.2946611797830372,0.24661172177167512
OZ,0.46254834907307285,0.6313419634016212,0.3033243118170899,0.21059049673177987,0.3645212151893482
O2,0.1250994712124354,0.3246409890457556,0.305879729362175,0.21159858031848028,0.11154444047576022
CB2,0.10791698598030902,0.22110987260234458,0.36476028431835394,0.1867885908016855,0.14211923085408731
